Tenure Months,Monthly Charges,Total Charges,Gender_Male,Senior Citizen_Yes,Partner_Yes,Dependents_Yes,Phone Service_Yes,Multiple Lines_No phone service,Multiple Lines_Yes,Internet Service_Fiber optic,Internet Service_No,Online Security_No internet service,Online Security_Yes,Online Backup_No internet service,Online Backup_Yes,Device Protection_No internet service,Device Protection_Yes,Tech Support_No internet service,Tech Support_Yes,Streaming TV_No internet service,Streaming TV_Yes,Streaming Movies_No internet service,Streaming Movies_Yes,Contract_One year,Contract_Two year,Paperless Billing_Yes,Payment Method_Credit card (automatic),Payment Method_Electronic check,Payment Method_Mailed check,Actual_Churn,Churn_Probability,Risk_Tier
1,69.25,69.25,False,True,False,False,True,False,False,True,False,False,False,False,False,False,False,False,False,False,False,False,False,False,False,True,False,True,False,1,1.0,High Risk (Immediate Intervention)
1,69.2,69.2,False,False,False,False,True,False,False,True,False,False,False,False,False,False,False,False,False,False,False,False,False,False,False,True,False,True,False,1,1.0,High Risk (Immediate Intervention)
1,69.15,69.15,True,False,True,False,True,False,False,True,False,False,False,False,False,False,False,False,False,False,False,False,False,False,False,True,False,True,False,1,1.0,High Risk (Immediate Intervention)
1,69.65,69.65,False,False,False,False,True,False,False,True,False,False,False,False,False,False,False,False,False,False,False,False,False,False,False,True,False,True,False,1,0.99,High Risk (Immediate Intervention)
1,69.6,69.6,False,False,False,False,True,False,False,True,False,False,False,False,False,False,False,False,False,False,False,False,False,False,False,True,False,True,False,1,0.99,High Risk (Immediate Intervention)
1,89.25,89.25,True,False,False,False,True,False,False,True,False,False,False,False,False,False,False,False,False,False,True,False,True,False,False,True,False,True,False,0,0.99,High Risk (Immediate Intervention)
1,90.6,90.6,False,False,False,False,True,False,False,True,False,False,False,False,False,False,False,False,False,False,True,False,True,False,False,False,False,True,False,1,0.99,High Risk (Immediate Intervention)
1,69.85,69.85,False,True,False,False,True,False,False,True,False,False,False,False,False,False,False,False,False,False,False,False,False,False,False,True,False,True,False,1,0.989189696067075,High Risk (Immediate Intervention)
1,79.7,79.7,False,False,False,False,True,False,False,True,False,False,False,False,False,False,False,False,False,False,False,False,True,False,False,True,False,True,False,1,0.987392616258431,High Risk (Immediate Intervention)
1,79.6,79.6,False,False,False,False,True,False,False,True,False,False,False,False,False,False,False,False,False,False,False,False,True,False,False,True,False,True,False,1,0.987392616258431,High Risk (Immediate Intervention)
1,80.55,80.55,True,False,False,False,True,False,False,True,False,False,False,False,False,False,False,False,False,False,True,False,False,False,False,True,False,True,False,0,0.98,High Risk (Immediate Intervention)
1,75.3,75.3,True,False,False,False,True,False,True,True,False,False,False,False,False,False,False,False,False,False,False,False,False,False,False,True,False,True,False,1,0.98,High Risk (Immediate Intervention)
1,78.65,78.65,False,False,False,False,True,False,False,True,False,False,False,False,False,False,False,False,False,False,False,False,True,False,False,False,False,True,False,1,0.98,High Risk (Immediate Intervention)
1,35.75,35.75,False,False,False,False,False,True,False,False,False,False,False,False,False,False,False,False,False,False,True,False,False,False,False,True,False,True,False,1,0.97,High Risk (Immediate Intervention)
1,74.95,74.95,True,False,False,False,True,False,True,True,False,False,False,False,False,False,False,False,False,False,False,False,False,False,False,True,False,True,False,1,0.97,High Risk (Immediate Intervention)
1,75.1,75.1,True,False,False,False,True,False,True,True,False,False,False,False,False,False,False,False,False,False,False,False,False,False,False,True,False,True,False,0,0.97,High Risk (Immediate Intervention)
1,69.95,69.95,False,False,False,False,True,False,False,True,False,False,False,False,False,False,False,False,False,False,False,False,False,False,False,True,False,False,True,1,0.96,High Risk (Immediate Intervention)
1,79.1,79.1,True,True,False,False,True,False,False,True,False,False,False,False,False,False,False,False,False,False,True,False,False,False,False,True,False,True,False,1,0.96,High Risk (Immediate Intervention)
1,35.45,35.45,True,False,False,False,False,True,False,False,False,False,False,False,False,False,False,False,False,False,False,False,True,False,False,True,False,True,False,1,0.96,High Risk (Immediate Intervention)
1,70.85,70.85,False,False,False,False,True,False,False,True,False,False,False,False,False,False,False,False,False,False,False,False,False,False,False,True,False,True,False,1,0.954785232516862,High Risk (Immediate Intervention)
1,69.75,69.75,True,False,False,False,True,False,False,True,False,False,False,False,False,False,False,False,False,False,False,False,False,False,False,False,False,False,False,1,0.95,High Risk (Immediate Intervention)
1,69.4,69.4,False,False,True,False,True,False,False,True,False,False,False,False,False,False,False,False,False,False,False,False,False,False,False,True,False,False,True,1,0.95,High Risk (Immediate Intervention)
1,69.4,69.4,True,False,False,False,True,False,False,True,False,False,False,False,False,False,False,False,False,False,False,False,False,False,False,False,False,False,True,1,0.94,High Risk (Immediate Intervention)
4,100.2,420.2,True,False,True,False,True,False,True,True,False,False,False,False,True,False,False,False,False,False,True,False,True,False,False,True,False,True,False,1,0.94,High Risk (Immediate Intervention)
16,96.15,1529.2,False,True,False,False,True,False,True,True,False,False,False,False,False,False,False,False,False,False,True,False,True,False,False,True,False,True,False,1,0.94,High Risk (Immediate Intervention)
1,79.65,79.65,False,False,False,False,True,False,False,True,False,False,False,False,False,False,False,False,False,False,True,False,False,False,False,True,False,True,False,1,0.94,High Risk (Immediate Intervention)
10,98.5,1037.75,True,False,True,False,True,False,True,True,False,False,False,False,False,False,True,False,False,False,True,False,True,False,False,True,False,True,False,1,0.94,High Risk (Immediate Intervention)
4,97.95,384.5,False,False,True,False,True,False,True,True,False,False,False,False,True,False,False,False,False,False,True,False,True,False,False,True,False,True,False,1,0.94,High Risk (Immediate Intervention)
1,80.55,80.55,True,False,True,False,True,False,False,True,False,False,False,False,False,False,False,False,False,False,True,False,False,False,False,True,False,True,False,1,0.94,High Risk (Immediate Intervention)
1,74.5,74.5,False,False,False,False,True,False,True,True,False,False,False,False,False,False,False,False,False,False,False,False,False,False,False,True,False,True,False,1,0.94,High Risk (Immediate Intervention)
2,96.0,174.8,False,False,False,False,True,False,True,True,False,False,False,False,False,False,False,False,False,False,True,False,True,False,False,True,False,True,False,1,0.94,High Risk (Immediate Intervention)
11,99.55,1131.2,False,True,True,False,True,False,True,True,False,False,False,False,False,False,True,False,False,False,True,False,True,False,False,True,False,True,False,1,0.93,High Risk (Immediate Intervention)
5,94.85,462.8,True,False,False,False,True,False,True,True,False,False,False,False,False,False,False,False,False,False,True,False,True,False,False,True,False,False,False,1,0.93,High Risk (Immediate Intervention)
3,76.05,231.8,True,True,False,False,True,False,True,True,False,False,False,False,False,False,False,False,False,False,False,False,False,False,False,True,False,True,False,1,0.93,High Risk (Immediate Intervention)
1,85.8,85.8,False,False,False,False,True,False,True,True,False,False,False,False,False,False,False,False,False,False,False,False,True,False,False,False,False,False,True,1,0.9258934836938836,High Risk (Immediate Intervention)
10,98.7,973.25,False,False,False,False,True,False,True,True,False,False,True,False,False,False,False,False,False,False,True,False,True,False,False,True,False,True,False,1,0.91,High Risk (Immediate Intervention)
5,92.5,452.7,True,False,False,False,True,False,True,True,False,False,False,False,False,False,True,False,False,False,True,False,False,False,False,True,False,True,False,1,0.91,High Risk (Immediate Intervention)
3,101.55,298.35,True,False,False,False,True,False,True,True,False,False,False,False,False,False,True,False,False,False,True,False,True,False,False,True,False,False,False,1,0.91,High Risk (Immediate Intervention)
1,70.05,70.05,True,True,False,False,True,False,False,True,False,False,False,False,False,False,False,False,False,False,False,False,False,False,False,True,False,True,False,0,0.9028889488630939,High Risk (Immediate Intervention)
1,75.1,75.1,False,False,False,False,True,False,True,True,False,False,False,False,False,False,False,False,False,False,False,False,False,False,False,True,False,True,False,1,0.9,High Risk (Immediate Intervention)
1,69.85,69.85,True,False,False,False,True,False,False,True,False,False,False,False,False,False,False,False,False,False,False,False,False,False,False,True,False,True,False,1,0.897911973814387,High Risk (Immediate Intervention)
1,45.3,45.3,True,False,False,False,True,False,False,False,False,False,False,False,False,False,False,False,False,False,False,False,False,False,False,False,False,True,False,1,0.89,High Risk (Immediate Intervention)
12,101.35,1218.55,True,True,True,False,True,False,True,True,False,False,False,False,True,False,False,False,False,False,True,False,True,False,False,True,False,True,False,1,0.89,High Risk (Immediate Intervention)
1,85.0,85.0,False,True,False,False,True,False,False,True,False,False,False,False,False,False,True,False,False,False,False,False,True,False,False,True,False,True,False,1,0.89,High Risk (Immediate Intervention)
1,25.15,25.15,False,False,False,False,False,True,False,False,False,False,False,False,False,False,False,False,False,False,False,False,False,False,False,True,False,False,True,0,0.89,High Risk (Immediate Intervention)
2,93.85,170.85,False,True,False,False,True,False,True,True,False,False,False,False,False,False,False,False,False,False,True,False,True,False,False,True,False,True,False,1,0.89,High Risk (Immediate Intervention)
1,25.1,25.1,False,False,False,False,False,True,False,False,False,False,False,False,False,False,False,False,False,False,False,False,False,False,False,True,False,False,True,1,0.89,High Risk (Immediate Intervention)
3,74.75,229.5,False,False,True,False,True,False,True,True,False,False,False,False,False,False,False,False,False,False,False,False,False,False,False,True,True,False,False,1,0.89,High Risk (Immediate Intervention)
1,74.35,74.35,False,False,False,False,True,False,False,True,False,False,False,False,True,False,False,False,False,False,False,False,False,False,False,False,False,True,False,0,0.89,High Risk (Immediate Intervention)
1,73.55,73.55,True,True,True,False,True,False,True,True,False,False,False,False,False,False,False,False,False,False,False,False,False,False,False,True,False,True,False,1,0.89,High Risk (Immediate Intervention)
3,94.85,335.75,True,True,False,False,True,False,True,True,False,False,False,False,False,False,False,False,False,False,True,False,True,False,False,True,False,True,False,0,0.88,High Risk (Immediate Intervention)
1,85.45,85.45,False,False,False,False,True,False,False,True,False,False,False,False,False,False,True,False,False,False,True,False,False,False,False,True,False,True,False,1,0.88,High Risk (Immediate Intervention)
1,35.25,35.25,True,False,False,False,False,True,False,False,False,False,False,False,False,False,False,False,False,False,False,False,True,False,False,True,False,False,False,1,0.88,High Risk (Immediate Intervention)
3,76.95,228.4,True,False,False,False,True,False,True,True,False,False,False,False,False,False,False,False,False,False,False,False,False,False,False,True,False,True,False,1,0.88,High Risk (Immediate Intervention)
7,84.55,646.85,False,True,True,False,True,False,True,True,False,False,False,False,False,False,False,False,False,False,False,False,True,False,False,True,False,True,False,1,0.88,High Risk (Immediate Intervention)
3,75.05,256.25,False,True,False,False,True,False,True,True,False,False,False,False,False,False,False,False,False,False,False,False,False,False,False,True,True,False,False,1,0.87,High Risk (Immediate Intervention)
5,94.45,498.1,True,False,True,False,True,False,False,True,False,False,False,False,False,False,True,False,False,False,True,False,True,False,False,True,False,True,False,1,0.87,High Risk (Immediate Intervention)
1,24.8,24.8,False,True,True,False,False,True,False,False,False,False,False,False,False,False,False,False,False,False,False,False,False,False,False,True,False,True,False,1,0.87,High Risk (Immediate Intervention)
1,70.1,70.1,False,False,False,False,True,False,False,True,False,False,False,False,False,False,False,False,False,False,False,False,False,False,False,True,False,True,False,1,0.8670929518625595,High Risk (Immediate Intervention)
1,24.9,24.9,False,False,False,False,False,True,False,False,False,False,False,False,False,False,False,False,False,False,False,False,False,False,False,True,False,False,True,0,0.86,High Risk (Immediate Intervention)
9,94.05,811.65,True,False,False,False,True,False,False,True,False,False,False,False,False,False,True,False,False,False,True,False,True,False,False,True,False,True,False,0,0.86,High Risk (Immediate Intervention)
20,98.55,1842.8,True,True,False,False,True,False,True,True,False,False,False,False,False,False,True,False,False,False,True,False,True,False,False,True,False,True,False,1,0.85,High Risk (Immediate Intervention)
2,70.65,142.35,False,True,False,False,True,False,False,True,False,False,False,False,False,False,False,False,False,False,False,False,False,False,False,True,False,True,False,1,0.85,High Risk (Immediate Intervention)
10,85.25,855.3,True,False,True,False,True,False,True,True,False,False,False,False,False,False,False,False,False,False,False,False,True,False,False,True,False,True,False,1,0.85,High Risk (Immediate Intervention)
8,100.6,819.4,True,True,False,False,True,False,True,True,False,False,False,False,False,False,True,False,False,False,True,False,True,False,False,True,False,True,False,1,0.85,High Risk (Immediate Intervention)
2,91.45,171.45,True,False,True,False,True,False,True,True,False,False,False,False,False,False,True,False,False,False,True,False,False,False,False,True,False,True,False,0,0.85,High Risk (Immediate Intervention)
2,88.55,179.25,False,True,False,False,True,False,True,True,False,False,False,False,False,False,True,False,False,False,False,False,True,False,False,True,False,True,False,1,0.84,High Risk (Immediate Intervention)
9,85.05,746.5,True,True,False,False,True,False,True,True,False,False,False,False,False,False,False,False,False,False,False,False,True,False,False,True,False,True,False,1,0.84,High Risk (Immediate Intervention)
1,79.15,79.15,True,False,False,False,True,False,True,True,False,False,False,False,True,False,False,False,False,False,False,False,False,False,False,True,False,True,False,1,0.84,High Risk (Immediate Intervention)
9,100.5,918.6,True,True,False,False,True,False,True,True,False,False,False,False,False,False,True,False,False,False,True,False,True,False,False,True,False,True,False,1,0.84,High Risk (Immediate Intervention)
9,84.45,762.5,False,True,False,False,True,False,True,True,False,False,False,False,False,False,False,False,False,False,False,False,True,False,False,True,False,True,False,1,0.84,High Risk (Immediate Intervention)
49,96.2,4718.25,True,True,False,False,True,False,True,True,False,False,False,False,False,False,False,False,False,False,True,False,True,False,False,True,False,True,False,1,0.83,High Risk (Immediate Intervention)
1,40.2,40.2,True,True,True,False,False,True,False,False,False,False,False,False,True,False,False,False,False,False,True,False,False,False,False,False,False,True,False,1,0.83,High Risk (Immediate Intervention)
18,94.75,1691.9,True,False,True,False,True,False,True,True,False,False,False,False,False,False,False,False,False,False,True,False,True,False,False,True,False,True,False,0,0.83,High Risk (Immediate Intervention)
1,95.85,95.85,False,False,False,False,True,False,False,True,False,False,False,False,False,False,False,False,True,False,True,False,True,False,False,True,False,True,False,0,0.83,High Risk (Immediate Intervention)
4,91.65,365.4,False,False,True,False,True,False,True,True,False,False,False,False,True,False,False,False,False,False,True,False,False,False,False,True,False,True,False,1,0.83,High Risk (Immediate Intervention)
21,94.3,1948.35,False,False,True,False,True,False,True,True,False,False,False,False,False,False,False,False,False,False,True,False,True,False,False,True,False,True,False,0,0.83,High Risk (Immediate Intervention)
12,94.2,1046.1,False,False,False,False,True,False,True,True,False,False,False,False,False,False,False,False,False,False,True,False,True,False,False,True,False,True,False,1,0.83,High Risk (Immediate Intervention)
2,85.65,181.5,True,False,False,False,True,False,True,True,False,False,False,False,False,False,False,False,False,False,True,False,False,False,False,True,False,True,False,1,0.83,High Risk (Immediate Intervention)
1,45.4,45.4,False,False,False,False,True,False,False,False,False,False,False,False,False,False,False,False,False,False,False,False,False,False,False,True,False,False,True,0,0.83,High Risk (Immediate Intervention)
12,81.45,912.0,True,False,False,False,True,False,False,True,False,False,False,False,False,False,False,False,False,False,True,False,False,False,False,True,False,True,False,0,0.83,High Risk (Immediate Intervention)
7,79.7,586.05,False,False,False,False,True,False,False,True,False,False,False,False,False,False,False,False,False,False,True,False,False,False,False,True,False,True,False,1,0.82,High Risk (Immediate Intervention)
14,86.1,1235.55,True,False,True,False,True,False,True,True,False,False,False,False,False,False,False,False,False,False,True,False,False,False,False,True,False,True,False,1,0.82,High Risk (Immediate Intervention)
6,91.1,455.3,False,False,False,False,True,False,False,True,False,False,False,False,False,False,False,False,False,False,True,False,True,False,False,True,False,True,False,1,0.82,High Risk (Immediate Intervention)
2,72.6,154.3,True,True,False,False,True,False,True,True,False,False,False,False,False,False,False,False,False,False,False,False,False,False,False,True,False,False,True,0,0.82,High Risk (Immediate Intervention)
3,105.0,294.45,True,True,False,False,True,False,True,True,False,False,False,False,True,False,True,False,False,False,True,False,True,False,False,True,False,True,False,1,0.82,High Risk (Immediate Intervention)
15,101.1,1504.05,True,False,True,False,True,False,True,True,False,False,False,False,False,False,True,False,False,False,True,False,True,False,False,True,False,True,False,1,0.81,High Risk (Immediate Intervention)
1,80.85,80.85,True,False,False,False,True,False,False,True,False,False,False,False,False,False,False,False,False,False,False,False,True,False,False,True,False,False,True,1,0.81,High Risk (Immediate Intervention)
6,89.75,552.65,False,False,False,False,True,False,True,True,False,False,False,False,True,False,False,False,False,False,True,False,False,False,False,True,False,True,False,0,0.81,High Risk (Immediate Intervention)
3,94.6,279.55,True,True,True,False,True,False,True,True,False,False,False,False,False,False,False,False,False,False,True,False,True,False,False,True,False,True,False,1,0.81,High Risk (Immediate Intervention)
1,84.3,84.3,False,False,False,False,True,False,False,True,False,False,False,False,True,False,False,False,False,False,True,False,False,False,False,False,False,True,False,1,0.81,High Risk (Immediate Intervention)
2,80.2,181.1,True,False,False,False,True,False,False,True,False,False,False,False,False,False,False,False,False,False,False,False,True,False,False,True,False,True,False,1,0.8,High Risk (Immediate Intervention)
8,105.5,829.55,False,True,False,False,True,False,True,True,False,False,False,False,True,False,True,False,False,False,True,False,True,False,False,True,False,True,False,1,0.8,High Risk (Immediate Intervention)
17,85.45,1451.6,False,False,True,False,True,False,True,True,False,False,False,False,False,False,False,False,False,False,False,False,True,False,False,True,False,True,False,1,0.8,High Risk (Immediate Intervention)
6,90.1,521.3,False,False,False,False,True,False,True,True,False,False,False,False,True,False,False,False,False,False,True,False,False,False,False,True,False,True,False,1,0.8,High Risk (Immediate Intervention)
47,106.35,4849.1,False,False,False,False,True,False,True,True,False,False,False,False,True,False,True,False,False,False,True,False,True,False,False,True,False,True,False,0,0.8,High Risk (Immediate Intervention)
2,75.9,143.35,False,False,False,False,True,False,True,True,False,False,False,False,False,False,False,False,False,False,False,False,False,False,False,True,False,True,False,1,0.8,High Risk (Immediate Intervention)
3,45.35,141.5,True,False,False,False,True,False,False,False,False,False,False,False,False,False,False,False,False,False,False,False,False,False,False,True,False,True,False,1,0.8,High Risk (Immediate Intervention)
17,104.2,1743.5,False,False,True,False,True,False,True,True,False,False,True,False,False,False,True,False,False,False,True,False,True,False,False,True,False,True,False,1,0.8,High Risk (Immediate Intervention)
1,70.05,70.05,True,False,False,False,True,False,False,True,False,False,False,False,False,False,False,False,False,False,False,False,False,False,False,True,False,True,False,1,0.7916916090035339,High Risk (Immediate Intervention)
35,99.05,3395.8,True,True,False,False,True,False,True,True,False,False,False,False,False,False,True,False,False,False,True,False,True,False,False,True,False,True,False,1,0.79,High Risk (Immediate Intervention)
13,88.35,1222.8,False,False,True,False,True,False,False,True,False,False,False,False,False,False,False,False,False,False,True,False,True,False,False,False,False,True,False,1,0.79,High Risk (Immediate Intervention)
1,20.15,20.15,True,False,False,False,True,False,False,False,True,True,False,True,False,True,False,True,False,True,False,True,False,False,False,False,False,False,True,1,0.7865400015702285,High Risk (Immediate Intervention)
6,98.25,560.6,False,True,False,False,True,False,True,True,False,False,False,False,True,False,False,False,False,False,True,False,True,False,False,True,False,True,False,1,0.78,High Risk (Immediate Intervention)
4,80.85,302.75,False,False,True,False,True,False,False,True,False,False,False,False,False,False,False,False,False,False,False,False,True,False,False,False,False,True,False,1,0.78,High Risk (Immediate Intervention)
1,80.15,80.15,False,False,False,False,True,False,False,True,False,False,False,False,False,False,False,False,False,False,False,False,True,False,False,False,True,False,False,1,0.7758934836938836,High Risk (Immediate Intervention)
2,85.55,187.45,False,True,False,False,True,False,True,True,False,False,False,False,False,False,False,False,False,False,True,False,False,False,False,True,False,True,False,1,0.77,High Risk (Immediate Intervention)
12,98.9,1120.95,False,False,False,False,True,False,False,True,False,False,True,False,False,False,False,False,True,False,True,False,True,False,False,True,False,False,False,1,0.77,High Risk (Immediate Intervention)
1,20.35,20.35,False,False,False,False,True,False,False,False,True,True,False,True,False,True,False,True,False,True,False,True,False,False,False,True,False,False,True,0,0.7632008675762891,High Risk (Immediate Intervention)
3,49.15,169.05,True,False,False,False,True,False,False,False,False,False,False,False,False,False,True,False,False,False,False,False,False,False,False,True,False,True,False,1,0.76,High Risk (Immediate Intervention)
9,89.45,853.1,False,False,True,False,True,False,False,True,False,False,False,False,False,False,False,False,False,False,True,False,True,False,False,False,False,True,False,1,0.76,High Risk (Immediate Intervention)
10,89.8,914.3,True,True,True,False,True,False,True,True,False,False,False,False,False,False,True,False,False,False,False,False,True,False,False,True,False,True,False,1,0.76,High Risk (Immediate Intervention)
6,80.8,457.1,True,True,True,False,True,False,True,True,False,False,False,False,False,False,True,False,False,False,False,False,False,False,False,True,False,True,False,0,0.76,High Risk (Immediate Intervention)
1,75.05,75.05,False,False,False,False,True,False,True,True,False,False,False,False,False,False,False,False,False,False,False,False,False,False,False,True,False,False,True,1,0.757392616258431,High Risk (Immediate Intervention)
1,20.3,20.3,False,False,True,False,True,False,False,False,True,True,False,True,False,True,False,True,False,True,False,True,False,False,False,True,False,False,False,0,0.7522514590022482,High Risk (Immediate Intervention)
13,102.25,1359.0,True,False,True,False,True,False,True,True,False,False,False,False,False,False,True,False,False,False,True,False,True,False,False,True,True,False,False,1,0.75,High Risk (Immediate Intervention)
30,99.7,2967.35,False,True,False,False,True,False,True,True,False,False,False,False,True,False,False,False,False,False,True,False,True,False,False,True,False,True,False,1,0.75,High Risk (Immediate Intervention)
6,82.85,460.25,True,False,True,False,True,False,True,True,False,False,False,False,False,False,False,False,False,False,True,False,False,False,False,True,False,True,False,1,0.75,High Risk (Immediate Intervention)
8,83.55,680.05,False,False,True,False,True,False,False,True,False,False,False,False,True,False,False,False,False,False,True,False,False,False,False,True,False,True,False,1,0.75,High Risk (Immediate Intervention)
1,54.3,54.3,True,False,False,False,True,False,True,False,False,False,False,False,True,False,False,False,False,False,False,False,False,False,False,False,False,True,False,0,0.75,High Risk (Immediate Intervention)
14,82.65,1185.0,True,False,True,False,True,False,True,True,False,False,False,False,True,False,True,False,False,False,False,False,False,False,False,True,False,True,False,0,0.75,High Risk (Immediate Intervention)
6,85.35,489.45,True,False,False,False,True,False,False,True,False,False,False,False,True,False,False,False,False,False,True,False,False,False,False,True,False,True,False,1,0.75,High Risk (Immediate Intervention)
12,99.95,1132.75,True,False,False,False,True,False,True,True,False,False,False,False,False,False,False,False,True,False,True,False,True,False,False,True,False,False,True,1,0.74,High Risk (Immediate Intervention)
36,84.75,3050.15,True,False,False,False,True,False,True,True,False,False,False,False,False,False,False,False,False,False,False,False,True,False,False,True,False,True,False,1,0.74,High Risk (Immediate Intervention)
1,45.8,45.8,False,False,False,False,True,False,False,False,False,False,False,False,False,False,False,False,False,False,False,False,False,False,False,False,False,True,False,1,0.74,High Risk (Immediate Intervention)
1,69.95,69.95,True,False,False,False,True,False,False,True,False,False,False,False,False,False,False,False,False,False,False,False,False,False,False,False,False,True,False,1,0.7371199124635709,High Risk (Immediate Intervention)
1,68.65,68.65,False,False,False,False,True,False,False,True,False,False,False,False,False,False,False,False,False,False,False,False,False,False,False,False,False,True,False,1,0.73,High Risk (Immediate Intervention)
37,100.05,3810.55,False,False,False,False,True,False,True,True,False,False,False,False,False,False,True,False,False,False,True,False,True,False,False,True,False,True,False,0,0.73,High Risk (Immediate Intervention)
8,86.55,649.65,True,False,False,False,True,False,True,True,False,False,False,False,False,False,False,False,False,False,False,False,True,False,False,True,False,True,False,1,0.73,High Risk (Immediate Intervention)
10,86.65,856.65,True,True,True,False,True,False,True,True,False,False,False,False,False,False,False,False,False,False,False,False,True,False,False,True,False,True,False,1,0.73,High Risk (Immediate Intervention)
13,81.9,1028.9,False,False,False,False,True,False,False,True,False,False,False,False,False,False,False,False,False,False,True,False,False,False,False,True,False,False,True,0,0.73,High Risk (Immediate Intervention)
6,94.5,575.45,True,False,False,False,True,False,False,True,False,False,False,False,False,False,True,False,False,False,True,False,True,False,False,False,False,False,True,1,0.73,High Risk (Immediate Intervention)
1,50.1,50.1,False,False,False,False,True,False,True,False,False,False,False,False,False,False,False,False,False,False,False,False,False,False,False,True,False,False,True,1,0.72,High Risk (Immediate Intervention)
1,29.85,29.85,False,False,True,False,False,True,False,False,False,False,False,False,True,False,False,False,False,False,False,False,False,False,False,True,False,True,False,0,0.72,High Risk (Immediate Intervention)
19,96.8,1743.05,False,False,True,False,True,False,False,True,False,False,False,False,False,False,True,False,False,False,True,False,True,False,False,True,False,True,False,0,0.72,High Risk (Immediate Intervention)
5,80.6,415.55,True,False,False,False,True,False,False,True,False,False,False,False,False,False,False,False,False,False,True,False,False,False,False,True,False,True,False,1,0.72,High Risk (Immediate Intervention)
4,55.2,220.65,False,False,False,False,True,False,False,False,False,False,True,False,True,False,False,False,False,False,False,False,False,False,False,False,False,True,False,0,0.72,High Risk (Immediate Intervention)
11,89.7,1047.7,False,True,False,False,True,False,False,True,False,False,False,False,False,False,False,False,False,False,True,False,True,False,False,False,False,False,False,1,0.72,High Risk (Immediate Intervention)
1,20.65,20.65,False,False,True,False,True,False,False,False,True,True,False,True,False,True,False,True,False,True,False,True,False,False,False,True,False,False,True,0,0.7162303571147313,High Risk (Immediate Intervention)
3,91.05,289.1,True,True,False,False,True,False,True,True,False,False,False,False,False,False,True,False,False,False,True,False,False,False,False,False,False,True,False,1,0.71,High Risk (Immediate Intervention)
1,45.3,45.3,False,False,False,False,True,False,False,False,False,False,False,False,False,False,False,False,False,False,False,False,False,False,False,True,False,False,True,1,0.71,High Risk (Immediate Intervention)
9,79.35,661.25,True,False,True,False,True,False,True,True,False,False,False,False,False,False,True,False,False,False,False,False,False,False,False,True,False,False,False,1,0.71,High Risk (Immediate Intervention)
17,102.55,1742.5,True,False,True,False,True,False,True,True,False,False,False,False,True,False,True,False,False,False,True,False,True,False,False,True,False,True,False,0,0.71,High Risk (Immediate Intervention)
19,94.95,1760.25,False,True,True,False,True,False,True,True,False,False,False,False,False,False,False,False,False,False,True,False,True,False,False,True,False,True,False,0,0.71,High Risk (Immediate Intervention)
11,104.05,1133.65,False,True,True,False,True,False,True,True,False,False,False,False,False,False,True,False,True,False,True,False,True,False,False,True,False,False,False,1,0.7,High Risk (Immediate Intervention)
3,78.5,242.05,True,False,False,False,True,False,False,True,False,False,False,False,False,False,False,False,False,False,True,False,False,False,False,True,False,True,False,1,0.7,High Risk (Immediate Intervention)
1,91.7,91.7,False,False,False,False,True,False,False,True,False,False,False,False,True,False,False,False,True,False,True,False,False,False,False,False,False,True,False,1,0.7,High Risk (Immediate Intervention)
3,73.85,196.4,False,True,False,False,True,False,False,True,False,False,False,False,False,False,True,False,False,False,False,False,False,False,False,False,False,True,False,0,0.7,High Risk (Immediate Intervention)
17,94.2,1608.15,False,True,False,False,True,False,True,True,False,False,False,False,False,False,False,False,False,False,True,False,True,False,False,True,False,True,False,0,0.7,High Risk (Immediate Intervention)
26,89.15,2277.65,False,True,False,False,True,False,True,True,False,False,False,False,True,False,False,False,False,False,True,False,False,False,False,True,False,True,False,1,0.7,High Risk (Immediate Intervention)
11,82.9,880.05,False,True,True,False,True,False,False,True,False,False,False,False,False,False,False,False,True,False,True,False,False,False,False,True,False,True,False,0,0.7,High Risk (Immediate Intervention)
20,90.7,1781.35,True,False,False,False,True,False,True,True,False,False,False,False,False,False,True,False,False,False,True,False,False,False,False,True,True,False,False,0,0.7,High Risk (Immediate Intervention)
1,54.65,54.65,False,False,False,False,True,False,False,False,False,False,False,False,False,False,False,False,False,False,True,False,False,False,False,True,False,True,False,0,0.69,High Risk (Immediate Intervention)
24,104.65,2542.45,True,False,True,False,True,False,True,True,False,False,False,False,True,False,True,False,False,False,True,False,True,False,False,True,False,True,False,1,0.69,High Risk (Immediate Intervention)
5,96.25,512.45,False,False,False,False,True,False,False,True,False,False,False,False,True,False,False,False,False,False,True,False,True,False,False,True,False,True,False,1,0.68,High Risk (Immediate Intervention)
4,80.3,324.2,False,False,False,False,True,False,True,True,False,False,False,False,True,False,False,False,False,False,False,False,False,False,False,True,False,False,True,0,0.68,High Risk (Immediate Intervention)
18,85.45,1505.85,False,True,False,False,True,False,True,True,False,False,False,False,True,False,False,False,True,False,False,False,False,False,False,True,False,True,False,1,0.68,High Risk (Immediate Intervention)
1,55.55,55.55,True,False,False,False,True,False,False,False,False,False,False,False,False,False,False,False,False,False,False,False,True,False,False,False,False,False,True,0,0.67,High Risk (Immediate Intervention)
2,91.15,168.5,False,False,False,False,True,False,False,True,False,False,True,False,True,False,False,False,False,False,True,False,False,False,False,True,False,True,False,0,0.67,High Risk (Immediate Intervention)
56,101.05,5594.0,True,True,False,False,True,False,True,True,False,False,False,False,False,False,True,False,False,False,True,False,True,False,False,True,False,True,False,0,0.67,High Risk (Immediate Intervention)
4,99.6,347.65,False,True,True,False,True,False,True,True,False,False,True,False,False,False,False,False,False,False,True,False,True,False,False,True,False,True,False,1,0.67,High Risk (Immediate Intervention)
15,74.9,1107.25,True,False,True,False,True,False,True,True,False,False,False,False,False,False,False,False,False,False,False,False,False,False,False,True,False,False,False,1,0.67,High Risk (Immediate Intervention)
8,90.25,743.75,False,False,True,False,True,False,True,True,False,False,False,False,False,False,False,False,True,False,False,False,True,False,False,True,False,True,False,0,0.67,High Risk (Immediate Intervention)
5,69.05,318.5,False,True,False,False,True,False,False,True,False,False,False,False,False,False,False,False,False,False,False,False,False,False,False,True,False,False,True,1,0.67,High Risk (Immediate Intervention)
16,85.35,1375.15,False,True,True,False,True,False,True,True,False,False,False,False,False,False,False,False,False,False,False,False,True,False,False,True,True,False,False,1,0.67,High Risk (Immediate Intervention)
9,95.5,829.1,True,False,False,False,True,False,True,True,False,False,False,False,False,False,False,False,False,False,True,False,True,False,False,True,False,True,False,1,0.67,High Risk (Immediate Intervention)
8,74.5,606.55,True,True,False,False,True,False,False,True,False,False,False,False,True,False,False,False,False,False,False,False,False,False,False,True,False,True,False,1,0.67,High Risk (Immediate Intervention)
2,47.8,92.45,True,False,False,False,True,False,False,False,False,False,True,False,False,False,False,False,False,False,False,False,False,False,False,True,False,True,False,1,0.67,High Risk (Immediate Intervention)
3,36.45,93.7,True,True,True,False,False,True,False,False,False,False,False,False,False,False,False,False,False,False,True,False,False,False,False,True,False,False,True,1,0.66,High Risk (Immediate Intervention)
3,25.3,77.75,False,True,False,False,False,True,False,False,False,False,False,False,False,False,False,False,False,False,False,False,False,False,False,False,False,True,False,1,0.66,High Risk (Immediate Intervention)
19,88.2,1775.8,True,True,False,False,True,False,True,True,False,False,False,False,True,False,False,False,False,False,True,False,False,False,False,True,False,True,False,1,0.66,High Risk (Immediate Intervention)
9,90.8,809.75,False,False,False,False,True,False,False,True,False,False,False,False,False,False,False,False,False,False,True,False,True,False,False,True,False,False,False,1,0.66,High Risk (Immediate Intervention)
29,94.45,2653.65,True,True,True,False,True,False,True,True,False,False,False,False,False,False,False,False,False,False,True,False,True,False,False,True,False,True,False,1,0.66,High Risk (Immediate Intervention)
16,84.95,1378.25,False,False,True,False,True,False,True,True,False,False,False,False,False,False,False,False,False,False,True,False,False,False,False,True,False,True,False,1,0.66,High Risk (Immediate Intervention)
2,74.95,151.75,True,False,False,False,True,False,False,True,False,False,False,False,True,False,False,False,False,False,False,False,False,False,False,False,False,True,False,0,0.66,High Risk (Immediate Intervention)
2,70.2,115.95,False,True,False,False,True,False,False,True,False,False,False,False,False,False,False,False,False,False,False,False,False,False,False,True,False,False,False,1,0.66,High Risk (Immediate Intervention)
3,34.8,113.95,False,False,False,False,False,True,False,False,False,False,False,False,False,False,False,False,False,False,True,False,False,False,False,True,True,False,False,0,0.65,High Risk (Immediate Intervention)
1,50.9,50.9,True,False,False,False,True,False,False,False,False,False,False,False,False,False,True,False,False,False,False,False,False,False,False,False,False,False,True,1,0.65,High Risk (Immediate Intervention)
2,76.4,151.8,True,False,True,False,True,False,False,True,False,False,False,False,False,False,True,False,False,False,False,False,False,False,False,False,False,True,False,1,0.65,High Risk (Immediate Intervention)
7,94.25,669.0,True,False,False,False,True,False,False,True,False,False,False,False,True,False,False,False,False,False,True,False,True,False,False,True,False,True,False,1,0.65,High Risk (Immediate Intervention)
42,100.3,4222.95,True,False,False,False,True,False,True,True,False,False,False,False,False,False,False,False,True,False,True,False,True,False,False,True,False,True,False,0,0.64,High Risk (Immediate Intervention)
7,48.7,340.25,True,False,True,False,True,False,False,False,False,False,False,False,False,False,True,False,False,False,False,False,False,False,False,False,False,True,False,1,0.64,High Risk (Immediate Intervention)
6,84.2,519.15,True,True,True,False,True,False,False,True,False,False,False,False,True,False,False,False,False,False,False,False,True,False,False,True,False,True,False,1,0.64,High Risk (Immediate Intervention)
3,95.1,307.4,False,False,False,False,True,False,False,True,False,False,False,False,True,False,False,False,False,False,True,False,True,False,False,True,False,True,False,1,0.64,High Risk (Immediate Intervention)
4,48.75,179.85,False,True,False,False,True,False,True,False,False,False,False,False,False,False,False,False,False,False,False,False,False,False,False,False,False,False,True,0,0.64,High Risk (Immediate Intervention)
3,88.3,273.75,False,True,True,False,True,False,False,True,False,False,True,False,False,False,False,False,True,False,True,False,False,False,False,True,False,False,True,1,0.63,High Risk (Immediate Intervention)
3,29.6,79.45,True,False,False,False,False,True,False,False,False,False,False,False,True,False,False,False,False,False,False,False,False,False,False,True,False,True,False,1,0.63,High Risk (Immediate Intervention)
12,105.3,1275.65,False,False,False,True,True,False,True,True,False,False,False,False,True,False,True,False,False,False,True,False,True,False,False,True,False,True,False,0,0.63,High Risk (Immediate Intervention)
4,80.8,332.45,True,False,False,False,True,False,True,True,False,False,False,False,False,False,False,False,True,False,False,False,False,False,False,False,True,False,False,1,0.63,High Risk (Immediate Intervention)
11,70.2,834.7,True,True,True,False,True,False,False,True,False,False,False,False,False,False,False,False,False,False,False,False,False,False,False,True,False,True,False,0,0.63,High Risk (Immediate Intervention)
23,93.5,2341.55,False,False,False,False,True,False,True,True,False,False,False,False,False,False,False,False,False,False,True,False,True,False,False,True,False,True,False,0,0.63,High Risk (Immediate Intervention)
3,70.3,235.5,False,True,False,False,True,False,False,True,False,False,False,False,False,False,False,False,False,False,False,False,False,False,False,True,False,True,False,1,0.63,High Risk (Immediate Intervention)
17,101.8,1752.45,True,True,False,False,True,False,False,True,False,False,False,False,True,False,True,False,False,False,True,False,True,False,False,True,False,True,False,0,0.63,High Risk (Immediate Intervention)
17,88.25,1460.65,False,False,True,False,True,False,True,True,False,False,False,False,False,False,True,False,False,False,True,False,False,False,False,False,False,True,False,1,0.63,High Risk (Immediate Intervention)
6,49.15,270.8,False,False,True,False,True,False,False,False,False,False,False,False,False,False,False,False,True,False,False,False,False,False,False,True,False,True,False,1,0.62,High Risk (Immediate Intervention)
4,94.4,387.2,False,False,False,False,True,False,False,True,False,False,True,False,False,False,True,False,True,False,False,False,True,False,False,True,False,False,False,1,0.62,High Risk (Immediate Intervention)
8,84.95,668.4,False,False,False,False,True,False,False,True,False,False,True,False,False,False,False,False,False,False,True,False,False,False,False,False,False,True,False,1,0.62,High Risk (Immediate Intervention)
40,101.3,4113.1,True,False,True,False,True,False,True,True,False,False,False,False,True,False,False,False,False,False,True,False,True,False,False,True,False,True,False,1,0.62,High Risk (Immediate Intervention)
1,20.9,20.9,False,False,False,False,True,False,False,False,True,True,False,True,False,True,False,True,False,True,False,True,False,False,False,False,False,False,True,1,0.6194924069344299,High Risk (Immediate Intervention)
17,93.85,1625.65,True,False,False,False,True,False,False,True,False,False,True,False,False,False,False,False,False,False,True,False,True,False,False,False,False,True,False,1,0.61,High Risk (Immediate Intervention)
21,95.4,2025.1,False,True,False,False,True,False,True,True,False,False,False,False,False,False,False,False,False,False,True,False,True,False,False,True,False,False,False,0,0.61,High Risk (Immediate Intervention)
17,89.15,1496.9,False,True,False,False,True,False,False,True,False,False,False,False,True,False,True,False,False,False,True,False,False,False,False,True,False,True,False,1,0.61,High Risk (Immediate Intervention)
20,73.65,1463.5,True,True,True,False,True,False,False,True,False,False,False,False,True,False,False,False,False,False,False,False,False,False,False,True,False,True,False,1,0.61,High Risk (Immediate Intervention)
4,51.75,201.1,True,False,False,False,True,False,True,False,False,False,False,False,False,False,False,False,False,False,False,False,False,False,False,False,True,False,False,1,0.61,High Risk (Immediate Intervention)
42,106.15,4512.7,True,False,True,False,True,False,True,True,False,False,False,False,False,False,True,False,True,False,True,False,True,False,False,True,False,False,False,1,0.61,High Risk (Immediate Intervention)
2,79.75,164.5,False,False,False,False,True,False,False,True,False,False,False,False,False,False,False,False,False,False,True,False,False,False,False,True,False,True,False,1,0.61,High Risk (Immediate Intervention)
12,84.6,959.9,True,False,True,False,True,False,False,True,False,False,True,False,True,False,True,False,False,False,False,False,False,False,False,True,False,True,False,0,0.61,High Risk (Immediate Intervention)
12,79.8,1001.2,False,False,False,False,True,False,True,True,False,False,True,False,False,False,False,False,False,False,False,False,False,False,False,True,False,True,False,0,0.61,High Risk (Immediate Intervention)
27,85.25,2287.25,False,True,False,False,True,False,True,True,False,False,False,False,False,False,False,False,False,False,False,False,True,False,False,True,False,True,False,1,0.61,High Risk (Immediate Intervention)
19,95.15,1789.25,False,False,False,False,True,False,True,True,False,False,True,False,True,False,False,False,False,False,False,False,True,False,False,True,False,True,False,1,0.61,High Risk (Immediate Intervention)
2,70.7,129.2,True,False,False,False,True,False,False,True,False,False,False,False,False,False,False,False,False,False,False,False,False,False,False,False,False,False,True,0,0.6021778487752928,High Risk (Immediate Intervention)
13,45.3,528.45,False,True,True,False,False,True,False,False,False,False,False,False,False,False,False,False,False,False,True,False,True,False,False,False,False,True,False,0,0.6,High Risk (Immediate Intervention)
42,108.3,4586.15,True,False,True,False,True,False,True,True,False,False,False,False,False,False,True,False,True,False,True,False,True,True,False,True,False,True,False,0,0.6,High Risk (Immediate Intervention)
2,45.4,80.95,False,False,False,False,True,False,False,False,False,False,False,False,False,False,False,False,False,False,False,False,False,False,False,True,False,True,False,0,0.6,High Risk (Immediate Intervention)
22,95.1,2162.6,True,False,False,False,True,False,True,True,False,False,False,False,False,False,False,False,False,False,True,False,True,False,False,True,False,True,False,0,0.6,High Risk (Immediate Intervention)
2,100.2,198.5,True,False,False,False,True,False,False,True,False,False,True,False,True,False,False,False,False,False,True,False,True,False,False,False,False,True,False,0,0.6,High Risk (Immediate Intervention)
15,51.1,711.15,False,False,True,False,True,False,True,False,False,False,False,False,False,False,False,False,False,False,False,False,False,False,False,True,False,True,False,0,0.6,High Risk (Immediate Intervention)
9,74.55,622.9,False,True,False,False,True,False,True,True,False,False,False,False,False,False,False,False,False,False,False,False,False,False,False,True,False,True,False,1,0.6,High Risk (Immediate Intervention)
8,101.15,842.9,False,False,True,False,True,False,False,True,False,False,False,False,True,False,True,False,False,False,True,False,True,False,False,False,False,True,False,1,0.6,High Risk (Immediate Intervention)
15,85.3,1219.85,True,False,False,False,True,False,False,True,False,False,False,False,False,False,True,False,False,False,True,False,False,False,False,False,False,True,False,0,0.6,High Risk (Immediate Intervention)
15,75.3,1147.45,False,True,False,False,True,False,False,True,False,False,False,False,True,False,False,False,False,False,False,False,False,False,False,True,True,False,False,1,0.59,Medium Risk (Targeted Discount)
3,40.15,130.75,True,False,False,False,False,True,False,False,False,False,False,False,False,False,True,False,False,False,True,False,False,False,False,True,False,False,True,1,0.59,Medium Risk (Targeted Discount)
32,81.1,2619.25,True,True,False,False,True,False,True,True,False,False,False,False,False,False,True,False,False,False,False,False,False,False,False,True,True,False,False,0,0.59,Medium Risk (Targeted Discount)
20,88.7,1761.45,True,False,False,False,True,False,True,True,False,False,False,False,False,False,True,False,False,False,True,False,False,False,False,True,False,True,False,1,0.59,Medium Risk (Targeted Discount)
40,102.65,4108.15,True,False,False,False,True,False,True,True,False,False,False,False,True,False,True,False,False,False,True,False,True,False,False,True,False,False,True,0,0.58,Medium Risk (Targeted Discount)
67,101.4,6841.05,True,True,False,False,True,False,True,True,False,False,False,False,False,False,True,False,False,False,True,False,True,False,False,True,True,False,False,0,0.58,Medium Risk (Targeted Discount)
6,49.15,295.65,True,False,True,True,True,False,False,False,False,False,True,False,False,False,False,False,False,False,False,False,False,False,False,True,False,True,False,0,0.58,Medium Risk (Targeted Discount)
1,46.0,46.0,False,True,True,False,True,False,False,False,False,False,False,False,False,False,False,False,False,False,False,False,False,False,False,False,False,True,False,1,0.58,Medium Risk (Targeted Discount)
37,85.7,3171.15,True,True,True,False,True,False,True,True,False,False,False,False,False,False,False,False,False,False,True,False,False,False,False,True,False,True,False,1,0.58,Medium Risk (Targeted Discount)
11,89.2,990.3,False,False,False,False,True,False,True,True,False,False,False,False,False,False,True,False,False,False,True,False,False,False,False,True,False,True,False,0,0.58,Medium Risk (Targeted Discount)
23,86.8,1975.85,True,True,True,False,True,False,True,True,False,False,False,False,False,False,False,False,False,False,False,False,True,False,False,False,False,True,False,0,0.58,Medium Risk (Targeted Discount)
2,79.85,152.45,True,False,False,False,True,False,False,True,False,False,False,False,False,False,True,False,True,False,False,False,False,False,False,True,False,True,False,1,0.58,Medium Risk (Targeted Discount)
5,78.75,426.35,True,False,False,False,True,False,False,True,False,False,False,False,False,False,False,False,False,False,False,False,True,False,False,False,False,False,True,0,0.58,Medium Risk (Targeted Discount)
8,29.4,221.9,True,True,False,False,False,True,False,False,False,False,False,False,False,False,True,False,False,False,False,False,False,False,False,True,False,True,False,1,0.58,Medium Risk (Targeted Discount)
4,24.45,86.6,False,False,False,False,False,True,False,False,False,False,False,False,False,False,False,False,False,False,False,False,False,False,False,True,False,True,False,1,0.58,Medium Risk (Targeted Discount)
20,90.8,1951.0,False,True,True,False,True,False,True,True,False,False,False,False,False,False,True,False,False,False,True,False,False,False,False,False,False,True,False,1,0.57,Medium Risk (Targeted Discount)
10,86.45,830.85,False,False,False,False,True,False,True,True,False,False,False,False,False,False,False,False,False,False,False,False,True,False,False,False,False,True,False,1,0.57,Medium Risk (Targeted Discount)
1,60.15,60.15,False,False,False,False,True,False,True,False,False,False,False,False,False,False,False,False,False,False,False,False,True,False,False,True,False,True,False,1,0.57,Medium Risk (Targeted Discount)
22,87.0,1850.65,True,False,True,False,True,False,False,True,False,False,False,False,False,False,True,False,False,False,True,False,False,False,False,True,False,False,False,0,0.57,Medium Risk (Targeted Discount)
34,85.35,2896.6,False,False,False,False,True,False,True,True,False,False,False,False,False,False,False,False,False,False,True,False,False,False,False,False,False,True,False,0,0.57,Medium Risk (Targeted Discount)
2,74.75,144.8,True,False,False,False,True,False,False,True,False,False,False,False,True,False,False,False,False,False,False,False,False,False,False,True,False,True,False,0,0.57,Medium Risk (Targeted Discount)
2,40.4,77.15,True,False,False,False,False,True,False,False,False,False,False,False,True,False,True,False,True,False,False,False,False,False,False,True,True,False,False,1,0.57,Medium Risk (Targeted Discount)
4,86.05,308.1,True,False,False,False,True,False,False,True,False,False,False,False,False,False,True,False,False,False,False,False,True,False,False,False,False,True,False,0,0.57,Medium Risk (Targeted Discount)
5,89.35,461.7,False,False,False,False,True,False,False,True,False,False,False,False,True,False,False,False,True,False,False,False,True,False,False,True,False,True,False,1,0.57,Medium Risk (Targeted Discount)
1,79.35,79.35,False,False,False,True,True,False,False,True,False,False,False,False,False,False,False,False,False,False,True,False,False,False,False,True,False,True,False,1,0.57,Medium Risk (Targeted Discount)
17,96.65,1588.25,True,False,True,False,True,False,False,True,False,False,False,False,False,False,True,False,False,False,True,False,True,True,False,True,False,False,False,0,0.57,Medium Risk (Targeted Discount)
15,93.35,1444.65,True,False,False,False,True,False,True,True,False,False,False,False,False,False,False,False,False,False,True,False,True,False,False,True,False,True,False,1,0.56,Medium Risk (Targeted Discount)
5,84.85,415.55,False,True,False,False,True,False,False,True,False,False,False,False,False,False,True,False,False,False,True,False,False,False,False,True,False,False,True,1,0.56,Medium Risk (Targeted Discount)
32,98.85,3145.9,True,False,True,False,True,False,True,True,False,False,False,False,True,False,False,False,False,False,True,False,True,False,False,True,True,False,False,0,0.56,Medium Risk (Targeted Discount)
4,54.3,195.3,True,False,False,False,True,False,False,False,False,False,False,False,False,False,False,False,False,False,False,False,True,False,False,False,False,True,False,1,0.56,Medium Risk (Targeted Discount)
1,45.85,45.85,True,False,True,False,True,False,False,False,False,False,False,False,False,False,False,False,False,False,False,False,False,False,False,True,False,False,True,1,0.56,Medium Risk (Targeted Discount)
7,69.9,497.3,False,False,False,False,True,False,False,True,False,False,False,False,False,False,False,False,False,False,False,False,False,False,False,True,False,False,True,0,0.56,Medium Risk (Targeted Discount)
9,48.75,442.2,False,False,True,False,False,True,False,False,False,False,False,False,False,False,True,False,False,False,True,False,True,False,False,True,False,True,False,1,0.56,Medium Risk (Targeted Discount)
51,94.65,4812.75,True,False,True,False,True,False,True,True,False,False,False,False,False,False,False,False,False,False,True,False,True,False,False,True,False,True,False,1,0.56,Medium Risk (Targeted Discount)
58,97.8,5458.8,False,True,True,False,True,False,True,True,False,False,False,False,True,False,False,False,False,False,True,False,True,True,False,True,False,False,False,0,0.56,Medium Risk (Targeted Discount)
27,76.1,2093.4,False,False,True,False,True,False,False,True,False,False,False,False,True,False,False,False,False,False,False,False,False,False,False,True,False,True,False,0,0.56,Medium Risk (Targeted Discount)
4,70.2,280.35,True,True,True,False,True,False,False,True,False,False,False,False,False,False,False,False,False,False,False,False,False,False,False,True,False,True,False,0,0.56,Medium Risk (Targeted Discount)
29,85.8,2440.25,True,False,True,False,True,False,True,True,False,False,False,False,True,False,True,False,False,False,False,False,False,False,False,True,False,True,False,0,0.56,Medium Risk (Targeted Discount)
42,94.2,4186.3,False,False,True,False,True,False,True,True,False,False,False,False,False,False,False,False,False,False,True,False,True,False,False,True,False,True,False,1,0.56,Medium Risk (Targeted Discount)
6,49.65,267.35,False,False,False,False,True,False,False,False,False,False,False,False,False,False,False,False,True,False,False,False,False,False,False,True,False,False,False,1,0.55,Medium Risk (Targeted Discount)
24,88.95,2072.75,False,False,False,False,True,False,True,True,False,False,False,False,False,False,True,False,False,False,True,False,False,False,False,True,True,False,False,0,0.55,Medium Risk (Targeted Discount)
3,50.65,151.3,False,False,False,False,True,False,True,False,False,False,False,False,False,False,False,False,False,False,False,False,False,False,False,True,False,False,True,1,0.55,Medium Risk (Targeted Discount)
2,80.55,188.1,False,False,False,True,True,False,True,True,False,False,True,False,False,False,False,False,False,False,False,False,False,False,False,False,True,False,False,0,0.55,Medium Risk (Targeted Discount)
3,50.4,137.25,True,False,False,False,True,False,True,False,False,False,False,False,False,False,False,False,False,False,False,False,False,False,False,False,False,False,False,0,0.55,Medium Risk (Targeted Discount)
43,100.0,4211.55,True,False,False,False,True,False,True,True,False,False,False,False,False,False,False,False,True,False,True,False,True,True,False,True,False,True,False,1,0.55,Medium Risk (Targeted Discount)
7,75.35,564.65,False,False,False,False,True,False,True,True,False,False,False,False,False,False,False,False,False,False,False,False,False,False,False,True,False,True,False,0,0.55,Medium Risk (Targeted Discount)
25,104.95,2566.5,False,False,True,False,True,False,True,True,False,False,False,False,False,False,True,False,True,False,True,False,True,False,False,True,False,False,False,1,0.54,Medium Risk (Targeted Discount)
33,104.4,3409.6,False,False,True,False,True,False,True,True,False,False,False,False,True,False,True,False,False,False,True,False,True,False,False,True,False,True,False,1,0.54,Medium Risk (Targeted Discount)
7,75.15,525.0,False,False,False,False,True,False,False,True,False,False,False,False,False,False,True,False,False,False,False,False,False,False,False,True,False,True,False,0,0.54,Medium Risk (Targeted Discount)
11,79.15,827.7,True,True,False,False,True,False,False,True,False,False,False,False,False,False,False,False,False,False,False,False,True,False,False,True,True,False,False,0,0.54,Medium Risk (Targeted Discount)
35,70.3,2416.55,False,False,True,False,True,False,False,True,False,False,False,False,False,False,False,False,False,False,False,False,False,False,False,True,False,True,False,1,0.54,Medium Risk (Targeted Discount)
22,49.8,1049.05,False,False,False,False,True,False,False,False,False,False,True,False,False,False,False,False,False,False,False,False,False,False,False,True,False,True,False,0,0.54,Medium Risk (Targeted Discount)
17,90.95,1612.2,True,False,False,False,True,False,False,True,False,False,False,False,True,False,True,False,False,False,False,False,True,False,False,True,True,False,False,0,0.53,Medium Risk (Targeted Discount)
2,80.2,146.05,False,False,False,False,True,False,False,True,False,False,False,False,False,False,False,False,False,False,True,False,False,False,False,True,False,True,False,1,0.53,Medium Risk (Targeted Discount)
32,101.35,3334.9,False,False,False,False,True,False,True,True,False,False,False,False,False,False,True,False,False,False,True,False,True,False,False,True,False,True,False,0,0.53,Medium Risk (Targeted Discount)
15,64.65,994.55,False,False,False,False,True,False,True,False,False,False,True,False,False,False,False,False,False,False,False,False,True,False,False,True,False,False,False,1,0.53,Medium Risk (Targeted Discount)
4,74.8,321.9,True,False,False,False,True,False,False,True,False,False,False,False,False,False,True,False,False,False,False,False,False,False,False,True,False,False,False,1,0.53,Medium Risk (Targeted Discount)
49,99.05,4853.75,True,False,True,False,True,False,True,True,False,False,False,False,True,False,False,False,False,False,True,False,True,False,False,True,False,False,False,1,0.53,Medium Risk (Targeted Discount)
18,35.0,553.0,False,False,False,False,False,True,False,False,False,False,False,False,False,False,False,False,False,False,False,False,True,False,False,True,False,True,False,1,0.53,Medium Risk (Targeted Discount)
1,49.9,49.9,False,False,False,True,True,False,False,False,False,False,True,False,False,False,False,False,False,False,False,False,False,False,False,False,False,False,True,0,0.53,Medium Risk (Targeted Discount)
2,45.85,105.6,False,False,False,False,True,False,False,False,False,False,False,False,False,False,False,False,False,False,False,False,False,False,False,True,False,False,True,0,0.53,Medium Risk (Targeted Discount)
9,77.65,714.15,False,False,False,False,True,False,False,True,False,False,False,False,False,False,False,False,False,False,True,False,False,False,False,True,False,False,False,1,0.53,Medium Risk (Targeted Discount)
15,83.2,1130.0,False,False,False,False,True,False,False,True,False,False,False,False,True,False,False,False,False,False,True,False,False,False,False,True,False,False,False,0,0.53,Medium Risk (Targeted Discount)
7,69.95,529.5,True,False,True,False,True,False,False,True,False,False,False,False,False,False,False,False,False,False,False,False,False,False,False,True,False,False,False,1,0.53,Medium Risk (Targeted Discount)
42,104.75,4323.45,False,True,False,False,True,False,True,True,False,False,False,False,True,False,True,False,False,False,True,False,True,False,False,True,False,False,False,1,0.53,Medium Risk (Targeted Discount)
2,70.7,140.7,True,False,False,False,True,False,False,True,False,False,False,False,False,False,False,False,False,False,False,False,False,False,False,False,True,False,False,1,0.527392616258431,Medium Risk (Targeted Discount)
3,29.8,94.4,True,False,True,False,False,True,False,False,False,False,False,False,True,False,False,False,False,False,False,False,False,False,False,False,True,False,False,0,0.52,Medium Risk (Targeted Discount)
2,87.15,183.75,False,False,False,False,True,False,False,True,False,False,False,False,True,False,False,False,False,False,True,False,False,False,False,True,False,False,False,1,0.52,Medium Risk (Targeted Discount)
3,85.8,272.2,False,False,False,False,True,False,False,True,False,False,False,False,False,False,False,False,True,False,False,False,True,False,False,False,False,True,False,1,0.52,Medium Risk (Targeted Discount)
57,103.05,5925.75,True,False,True,False,True,False,True,True,False,False,True,False,True,False,True,False,True,False,True,False,False,False,False,True,False,True,False,0,0.52,Medium Risk (Targeted Discount)
7,74.35,533.6,True,False,False,False,True,False,False,True,False,False,True,False,False,False,False,False,False,False,False,False,False,False,False,False,False,False,True,0,0.52,Medium Risk (Targeted Discount)
2,69.6,131.65,False,True,False,False,True,False,False,True,False,False,False,False,False,False,False,False,False,False,False,False,False,False,False,True,False,True,False,1,0.52,Medium Risk (Targeted Discount)
46,94.65,4312.5,True,False,True,False,True,False,True,True,False,False,False,False,True,False,True,False,False,False,True,False,False,True,False,True,False,True,False,0,0.52,Medium Risk (Targeted Discount)
4,74.9,321.75,False,True,False,False,True,False,True,True,False,False,False,False,False,False,False,False,False,False,False,False,False,False,False,True,False,True,False,1,0.52,Medium Risk (Targeted Discount)
14,89.65,1208.35,False,False,True,False,True,False,False,True,False,False,False,False,True,False,False,False,True,False,False,False,True,False,False,True,True,False,False,1,0.52,Medium Risk (Targeted Discount)
25,100.25,2387.75,False,False,False,False,True,False,True,True,False,False,False,False,True,False,False,False,False,False,True,False,True,False,False,True,False,True,False,1,0.52,Medium Risk (Targeted Discount)
9,86.25,770.5,True,False,False,False,True,False,False,True,False,False,False,False,False,False,False,False,True,False,True,False,False,False,False,False,False,True,False,0,0.52,Medium Risk (Targeted Discount)
6,47.95,305.1,False,False,False,False,False,True,False,False,False,False,False,False,False,False,True,False,False,False,True,False,True,False,False,True,False,True,False,1,0.52,Medium Risk (Targeted Discount)
2,90.35,190.5,False,False,True,False,True,False,False,True,False,False,True,False,True,False,False,False,False,False,True,False,False,False,False,False,False,True,False,0,0.52,Medium Risk (Targeted Discount)
27,101.25,2754.45,False,True,True,False,True,False,False,True,False,False,True,False,False,False,True,False,False,False,True,False,True,False,False,True,False,True,False,1,0.51,Medium Risk (Targeted Discount)
29,80.15,2265.25,True,False,True,False,True,False,True,True,False,False,False,False,True,False,False,False,False,False,False,False,False,False,False,True,False,False,False,1,0.51,Medium Risk (Targeted Discount)
52,106.5,5621.85,False,True,True,False,True,False,True,True,False,False,False,False,True,False,True,False,False,False,True,False,True,True,False,True,False,True,False,0,0.51,Medium Risk (Targeted Discount)
3,75.3,244.1,False,False,False,False,True,False,False,False,False,False,False,False,True,False,False,False,True,False,True,False,True,False,False,True,False,True,False,0,0.51,Medium Risk (Targeted Discount)
1,19.0,19.0,False,False,True,True,True,False,False,False,True,True,False,True,False,True,False,True,False,True,False,True,False,False,False,True,False,False,True,0,0.51,Medium Risk (Targeted Discount)
10,84.6,865.55,False,True,False,False,True,False,False,True,False,False,False,False,False,False,True,False,False,False,False,False,True,False,False,True,True,False,False,1,0.51,Medium Risk (Targeted Discount)
30,94.4,2838.7,True,False,True,False,True,False,True,True,False,False,True,False,True,False,False,False,False,False,True,False,False,False,False,True,False,True,False,1,0.51,Medium Risk (Targeted Discount)
1,69.95,69.95,True,False,True,True,True,False,False,True,False,False,False,False,False,False,False,False,False,False,False,False,False,False,False,True,True,False,False,0,0.51,Medium Risk (Targeted Discount)
18,55.2,1058.1,True,False,False,False,True,False,False,False,False,False,False,False,False,False,True,False,True,False,False,False,False,False,False,False,True,False,False,0,0.51,Medium Risk (Targeted Discount)
2,70.1,141.65,True,True,True,False,True,False,False,True,False,False,False,False,False,False,False,False,False,False,False,False,False,False,False,False,False,True,False,0,0.51,Medium Risk (Targeted Discount)
28,89.95,2625.55,False,False,False,False,True,False,True,True,False,False,False,False,True,False,False,False,False,False,False,False,True,False,False,True,False,True,False,1,0.51,Medium Risk (Targeted Discount)
2,90.0,190.05,True,False,True,False,True,False,False,True,False,False,False,False,False,False,True,False,True,False,False,False,True,False,False,False,True,False,False,1,0.51,Medium Risk (Targeted Discount)
19,86.0,1532.45,True,False,False,False,True,False,True,True,False,False,False,False,False,False,False,False,False,False,False,False,True,False,False,True,False,False,False,1,0.5,Medium Risk (Targeted Discount)
62,96.75,6125.4,True,False,False,False,True,False,True,True,False,False,False,False,False,False,True,False,False,False,True,False,True,True,False,True,False,True,False,1,0.5,Medium Risk (Targeted Discount)
7,74.9,541.15,False,False,False,False,True,False,True,True,False,False,False,False,False,False,False,False,False,False,False,False,False,False,False,True,False,True,False,1,0.5,Medium Risk (Targeted Discount)
42,84.65,3541.35,False,True,False,False,True,False,True,True,False,False,False,False,False,False,False,False,False,False,True,False,False,False,False,True,False,True,False,1,0.5,Medium Risk (Targeted Discount)
15,48.8,720.1,False,False,False,False,True,False,True,False,False,False,False,False,False,False,False,False,False,False,False,False,False,False,False,True,False,False,True,0,0.5,Medium Risk (Targeted Discount)
15,51.55,765.5,True,False,False,False,True,False,True,False,False,False,False,False,False,False,False,False,False,False,False,False,False,False,False,False,False,True,False,1,0.5,Medium Risk (Targeted Discount)
35,86.45,3029.1,False,False,False,False,True,False,True,True,False,False,False,False,False,False,False,False,False,False,True,False,False,False,False,True,False,True,False,1,0.5,Medium Risk (Targeted Discount)
27,86.45,2401.05,False,True,False,False,True,False,True,True,False,False,False,False,True,False,True,False,False,False,False,False,False,False,False,True,False,False,False,0,0.5,Medium Risk (Targeted Discount)
13,75.0,999.45,False,False,False,False,True,False,True,True,False,False,False,False,False,False,False,False,False,False,False,False,False,False,False,True,False,False,True,1,0.5,Medium Risk (Targeted Discount)
5,50.55,244.75,False,False,False,False,True,False,False,False,False,False,False,False,True,False,False,False,False,False,False,False,False,False,False,False,False,False,False,0,0.49,Medium Risk (Targeted Discount)
24,96.0,2122.45,True,False,False,False,True,False,False,True,False,False,False,False,False,False,False,False,True,False,True,False,True,False,False,True,False,True,False,1,0.49,Medium Risk (Targeted Discount)
13,31.05,347.25,False,False,False,False,False,True,False,False,False,False,False,False,True,False,False,False,False,False,False,False,False,False,False,True,False,True,False,1,0.49,Medium Risk (Targeted Discount)
9,59.5,530.05,False,False,False,False,True,False,False,False,False,False,False,False,False,False,False,False,True,False,True,False,False,False,False,True,False,False,False,0,0.49,Medium Risk (Targeted Discount)
2,71.65,135.75,False,False,True,True,True,False,False,True,False,False,False,False,False,False,False,False,False,False,False,False,False,False,False,True,False,True,False,0,0.49,Medium Risk (Targeted Discount)
33,107.55,3645.5,False,False,False,False,True,False,True,True,False,False,False,False,True,False,True,False,False,False,True,False,True,False,False,False,False,True,False,0,0.49,Medium Risk (Targeted Discount)
16,63.05,1067.05,False,False,False,False,True,False,True,False,False,False,False,False,False,False,False,False,False,False,False,False,True,False,False,True,False,False,False,0,0.49,Medium Risk (Targeted Discount)
2,86.25,181.65,False,False,False,False,True,False,False,True,False,False,True,False,True,False,False,False,True,False,False,False,False,False,False,True,False,True,False,1,0.49,Medium Risk (Targeted Discount)
8,49.4,408.25,False,False,False,False,True,False,False,False,False,False,False,False,False,False,False,False,True,False,False,False,False,False,False,False,False,True,False,0,0.49,Medium Risk (Targeted Discount)
3,75.05,202.9,False,True,False,False,True,False,False,True,False,False,False,False,False,False,True,False,False,False,False,False,False,False,False,False,False,False,True,0,0.48,Medium Risk (Targeted Discount)
17,82.65,1470.05,False,True,False,False,True,False,True,True,False,False,False,False,False,False,True,False,False,False,False,False,False,False,False,True,True,False,False,0,0.48,Medium Risk (Targeted Discount)
65,104.35,6578.55,True,True,True,False,True,False,True,True,False,False,False,False,True,False,True,False,False,False,True,False,True,False,False,True,False,True,False,0,0.48,Medium Risk (Targeted Discount)
2,70.7,141.45,False,False,True,False,True,False,False,True,False,False,False,False,False,False,False,False,False,False,False,False,False,False,False,True,False,True,False,1,0.48,Medium Risk (Targeted Discount)
2,46.0,84.5,True,False,False,False,True,False,False,False,False,False,False,False,False,False,False,False,False,False,False,False,False,False,False,True,True,False,False,1,0.48,Medium Risk (Targeted Discount)
10,79.25,793.55,True,True,False,False,True,False,False,True,False,False,False,False,False,False,False,False,False,False,False,False,True,False,False,True,False,True,False,1,0.48,Medium Risk (Targeted Discount)
26,88.8,2274.35,False,False,False,False,True,False,False,True,False,False,False,False,False,False,False,False,False,False,True,False,True,False,False,True,False,False,False,1,0.48,Medium Risk (Targeted Discount)
2,80.65,144.15,False,False,False,True,True,False,False,True,False,False,False,False,False,False,False,False,False,False,True,False,False,False,False,True,False,True,False,1,0.48,Medium Risk (Targeted Discount)
23,95.1,2326.05,False,True,True,False,True,False,False,True,False,False,True,False,False,False,False,False,False,False,True,False,True,False,False,True,False,True,False,0,0.48,Medium Risk (Targeted Discount)
21,96.8,2030.3,True,True,False,False,True,False,False,True,False,False,False,False,False,False,True,False,False,False,True,False,True,False,False,True,False,False,False,1,0.48,Medium Risk (Targeted Discount)
1,25.35,25.35,True,False,False,False,False,True,False,False,False,False,False,False,False,False,False,False,False,False,False,False,False,False,False,False,False,False,True,0,0.48,Medium Risk (Targeted Discount)
6,50.35,314.55,False,False,True,False,True,False,True,False,False,False,False,False,False,False,False,False,False,False,False,False,False,False,False,False,False,True,False,0,0.48,Medium Risk (Targeted Discount)
48,70.65,3545.05,False,True,True,False,True,False,False,True,False,False,False,False,False,False,False,False,False,False,False,False,False,False,False,True,False,False,False,0,0.48,Medium Risk (Targeted Discount)
50,83.4,4113.7,False,True,False,False,True,False,True,True,False,False,True,False,True,False,False,False,False,False,False,False,False,False,False,True,False,True,False,0,0.48,Medium Risk (Targeted Discount)
32,104.9,3351.55,True,True,True,False,True,False,True,True,False,False,False,False,False,False,True,False,True,False,True,False,True,False,False,True,False,True,False,1,0.47,Medium Risk (Targeted Discount)
1,49.3,49.3,True,False,False,False,True,False,False,False,False,False,False,False,False,False,False,False,True,False,False,False,False,False,False,True,False,True,False,0,0.47,Medium Risk (Targeted Discount)
33,109.9,3694.7,True,True,True,False,True,False,True,True,False,False,True,False,False,False,True,False,True,False,True,False,True,False,False,True,False,False,False,0,0.47,Medium Risk (Targeted Discount)
8,84.5,662.65,True,False,False,True,True,False,True,True,False,False,False,False,False,False,False,False,False,False,False,False,True,False,False,False,False,False,False,1,0.47,Medium Risk (Targeted Discount)
13,31.65,389.95,False,False,False,False,False,True,False,False,False,False,False,False,True,False,False,False,False,False,False,False,False,False,False,True,False,True,False,0,0.47,Medium Risk (Targeted Discount)
54,104.3,5278.15,True,False,True,False,True,False,True,True,False,False,False,False,True,False,True,False,False,False,True,False,True,False,False,True,False,True,False,1,0.47,Medium Risk (Targeted Discount)
5,69.75,324.6,True,False,False,False,True,False,False,True,False,False,False,False,False,False,False,False,False,False,False,False,False,False,False,True,False,True,False,1,0.47,Medium Risk (Targeted Discount)
16,80.75,1321.3,True,False,True,False,True,False,False,True,False,False,True,False,True,False,False,False,False,False,False,False,False,False,False,False,False,False,False,0,0.47,Medium Risk (Targeted Discount)
34,78.3,2564.3,True,False,True,False,True,False,False,True,False,False,False,False,False,False,False,False,False,False,True,False,False,False,False,False,False,True,False,1,0.47,Medium Risk (Targeted Discount)
8,75.25,576.7,False,False,False,False,True,False,True,True,False,False,False,False,False,False,False,False,False,False,False,False,False,False,False,True,False,True,False,0,0.47,Medium Risk (Targeted Discount)
18,89.6,1633.0,True,False,False,False,True,False,True,True,False,False,False,False,False,False,True,False,False,False,True,False,False,True,False,True,True,False,False,0,0.47,Medium Risk (Targeted Discount)
72,106.3,7565.35,True,False,True,False,True,False,True,True,False,False,False,False,True,False,True,False,False,False,True,False,True,False,True,True,False,False,False,0,0.47,Medium Risk (Targeted Discount)
37,78.95,2839.65,False,False,True,False,True,False,True,True,False,False,False,False,False,False,True,False,False,False,False,False,False,False,False,True,True,False,False,1,0.47,Medium Risk (Targeted Discount)
31,76.05,2227.8,False,False,False,False,True,False,True,True,False,False,False,False,False,False,False,False,False,False,False,False,False,False,False,True,False,True,False,0,0.47,Medium Risk (Targeted Discount)
21,69.1,1474.75,True,True,True,False,True,False,False,True,False,False,False,False,False,False,False,False,False,False,False,False,False,False,False,True,False,True,False,1,0.46,Medium Risk (Targeted Discount)
3,75.25,242.0,False,False,False,False,True,False,True,True,False,False,False,False,False,False,False,False,False,False,False,False,False,False,False,False,False,True,False,1,0.46,Medium Risk (Targeted Discount)
17,91.85,1574.45,False,False,True,False,True,False,False,True,False,False,True,False,False,False,False,False,True,False,True,False,False,False,False,False,False,True,False,1,0.46,Medium Risk (Targeted Discount)
47,107.35,5118.95,True,False,True,False,True,False,True,True,False,False,False,False,False,False,True,False,True,False,True,False,True,False,False,True,False,False,False,1,0.46,Medium Risk (Targeted Discount)
25,69.75,1729.35,True,False,False,False,True,False,False,True,False,False,False,False,False,False,False,False,False,False,False,False,False,False,False,False,False,True,False,0,0.45,Medium Risk (Targeted Discount)
47,83.35,4065.0,True,False,True,False,True,False,True,True,False,False,False,False,True,False,True,False,False,False,False,False,False,False,False,True,False,False,False,1,0.45,Medium Risk (Targeted Discount)
1,19.4,19.4,False,False,True,True,True,False,False,False,True,True,False,True,False,True,False,True,False,True,False,True,False,False,False,True,False,False,True,0,0.45,Medium Risk (Targeted Discount)
29,98.65,2862.75,False,True,False,False,True,False,True,True,False,False,False,False,False,False,False,False,True,False,True,False,True,False,False,False,False,True,False,1,0.45,Medium Risk (Targeted Discount)
7,89.5,676.7,True,True,True,False,True,False,False,True,False,False,False,False,False,False,False,False,False,False,True,False,True,False,False,True,False,True,False,1,0.45,Medium Risk (Targeted Discount)
35,75.2,2576.2,True,False,True,False,True,False,True,True,False,False,False,False,False,False,False,False,False,False,False,False,False,False,False,True,False,True,False,1,0.45,Medium Risk (Targeted Discount)
5,96.55,500.1,True,False,False,False,True,False,True,True,False,False,False,False,True,False,True,False,False,False,False,False,True,False,False,False,False,True,False,0,0.45,Medium Risk (Targeted Discount)
56,106.8,5914.4,False,False,False,False,True,False,True,True,False,False,False,False,True,False,True,False,False,False,True,False,True,True,False,True,False,True,False,0,0.44,Medium Risk (Targeted Discount)
5,84.7,392.5,False,True,False,False,True,False,False,True,False,False,False,False,True,False,False,False,False,False,True,False,False,False,False,True,False,True,False,0,0.44,Medium Risk (Targeted Discount)
3,73.6,232.5,True,False,False,False,True,False,False,True,False,False,False,False,False,False,True,False,False,False,False,False,False,False,False,True,True,False,False,0,0.44,Medium Risk (Targeted Discount)
1,19.9,19.9,False,False,True,True,True,False,False,False,True,True,False,True,False,True,False,True,False,True,False,True,False,False,False,True,False,True,False,1,0.44,Medium Risk (Targeted Discount)
19,87.3,1637.3,True,True,False,False,True,False,False,True,False,False,True,False,False,False,False,False,False,False,False,False,True,False,False,True,False,True,False,0,0.44,Medium Risk (Targeted Discount)
30,90.25,2755.35,True,False,False,False,True,False,False,True,False,False,False,False,False,False,False,False,False,False,True,False,True,False,False,True,False,True,False,1,0.43,Medium Risk (Targeted Discount)
7,94.7,673.1,True,True,True,False,True,False,True,True,False,False,True,False,True,False,False,False,False,False,False,False,True,False,False,True,True,False,False,1,0.43,Medium Risk (Targeted Discount)
4,45.65,191.05,False,False,False,False,True,False,False,False,False,False,False,False,False,False,False,False,False,False,False,False,False,False,False,False,False,False,True,1,0.43,Medium Risk (Targeted Discount)
52,94.6,5025.8,False,False,True,False,True,False,True,True,False,False,False,False,True,False,True,False,False,False,True,False,False,False,False,False,False,False,False,0,0.43,Medium Risk (Targeted Discount)
42,94.4,4014.6,True,False,True,False,True,False,True,True,False,False,True,False,False,False,True,False,False,False,False,False,True,False,False,True,False,True,False,0,0.43,Medium Risk (Targeted Discount)
1,45.1,45.1,False,True,False,False,True,False,False,False,False,False,False,False,False,False,False,False,False,False,False,False,False,False,False,False,False,False,True,1,0.43,Medium Risk (Targeted Discount)
29,78.9,2384.15,False,False,False,False,True,False,False,True,False,False,False,False,False,False,False,False,False,False,True,False,False,False,False,True,False,True,False,1,0.43,Medium Risk (Targeted Discount)
12,84.05,966.55,False,False,False,True,True,False,True,True,False,False,False,False,False,False,False,False,False,False,True,False,False,False,False,True,False,True,False,0,0.42,Medium Risk (Targeted Discount)
8,75.6,535.55,False,False,False,False,True,False,False,True,False,False,False,False,True,False,False,False,False,False,False,False,False,False,False,False,False,True,False,0,0.42,Medium Risk (Targeted Discount)
55,104.15,5743.05,True,False,True,False,True,False,True,True,False,False,False,False,False,False,True,False,True,False,True,False,True,True,False,True,False,True,False,1,0.42,Medium Risk (Targeted Discount)
32,85.0,2642.05,True,True,True,False,True,False,True,True,False,False,False,False,False,False,False,False,False,False,False,False,True,False,False,True,False,True,False,1,0.42,Medium Risk (Targeted Discount)
59,110.15,6448.05,True,False,True,False,True,False,True,True,False,False,True,False,True,False,True,False,False,False,True,False,True,True,False,True,False,True,False,1,0.42,Medium Risk (Targeted Discount)
35,70.55,2419.0,False,True,False,False,True,False,False,True,False,False,False,False,False,False,False,False,False,False,False,False,False,False,False,False,False,True,False,0,0.42,Medium Risk (Targeted Discount)
2,56.7,113.55,True,False,True,True,True,False,True,False,False,False,True,False,False,False,False,False,False,False,False,False,False,False,False,False,False,False,True,1,0.42,Medium Risk (Targeted Discount)
45,100.85,4740.0,True,False,False,False,True,False,True,True,False,False,False,False,True,False,False,False,False,False,True,False,True,False,False,True,True,False,False,1,0.42,Medium Risk (Targeted Discount)
43,108.15,4600.7,False,True,False,False,True,False,False,True,False,False,True,False,True,False,False,False,True,False,True,False,True,False,False,True,True,False,False,1,0.42,Medium Risk (Targeted Discount)
70,109.5,7674.55,False,False,True,False,True,False,True,True,False,False,False,False,True,False,True,False,True,False,True,False,True,True,False,True,False,True,False,1,0.42,Medium Risk (Targeted Discount)
21,90.05,1862.9,False,False,False,False,True,False,False,True,False,False,False,False,True,False,True,False,False,False,False,False,True,False,False,True,False,True,False,0,0.42,Medium Risk (Targeted Discount)
55,85.45,4874.7,False,True,True,False,True,False,True,True,False,False,False,False,True,False,True,False,False,False,False,False,False,False,False,True,False,True,False,1,0.42,Medium Risk (Targeted Discount)
30,79.65,2365.15,True,True,True,False,True,False,False,True,False,False,False,False,True,False,True,False,False,False,False,False,False,False,False,True,False,False,True,1,0.42,Medium Risk (Targeted Discount)
1,48.95,48.95,True,False,False,True,True,False,False,False,False,False,False,False,False,False,True,False,False,False,False,False,False,False,False,False,False,True,False,1,0.42,Medium Risk (Targeted Discount)
35,99.25,3532.0,False,False,False,False,True,False,False,True,False,False,False,False,False,False,True,False,True,False,True,False,True,True,False,True,False,True,False,0,0.41,Medium Risk (Targeted Discount)
13,56.0,764.55,False,False,False,True,True,False,False,False,False,False,True,False,True,False,False,False,False,False,False,False,False,False,False,True,False,True,False,0,0.41,Medium Risk (Targeted Discount)
39,103.45,3994.45,False,False,False,False,True,False,True,True,False,False,False,False,True,False,True,False,False,False,True,False,True,False,False,True,False,True,False,1,0.41,Medium Risk (Targeted Discount)
41,98.05,3990.6,False,False,False,False,True,False,True,True,False,False,False,False,False,False,True,False,False,False,True,False,True,False,False,False,False,False,False,0,0.41,Medium Risk (Targeted Discount)
19,95.9,1777.9,True,True,False,False,True,False,False,True,False,False,False,False,False,False,True,False,False,False,True,False,True,False,False,True,True,False,False,1,0.41,Medium Risk (Targeted Discount)
27,101.9,2681.15,False,False,True,False,True,False,False,True,False,False,True,False,False,False,False,False,True,False,True,False,True,True,False,True,True,False,False,0,0.41,Medium Risk (Targeted Discount)
2,69.3,153.8,False,True,True,False,True,False,False,True,False,False,False,False,False,False,False,False,False,False,False,False,False,False,False,True,False,True,False,0,0.41,Medium Risk (Targeted Discount)
4,80.1,336.15,True,False,False,False,True,False,True,True,False,False,True,False,False,False,False,False,False,False,False,False,False,False,False,True,False,True,False,0,0.41,Medium Risk (Targeted Discount)
1,70.3,70.3,True,False,False,False,True,False,False,True,False,False,False,False,False,False,False,False,False,False,False,False,False,False,False,True,False,True,False,1,0.4031349078656721,Medium Risk (Targeted Discount)
2,62.05,118.3,True,False,False,False,True,False,True,False,False,False,False,False,False,False,False,False,False,False,False,False,True,False,False,False,False,False,False,1,0.4,Medium Risk (Targeted Discount)
19,73.2,1441.1,False,False,True,False,True,False,False,True,False,False,True,False,False,False,False,False,False,False,False,False,False,False,False,True,False,True,False,1,0.4,Medium Risk (Targeted Discount)
15,91.0,1430.05,True,False,False,True,True,False,True,True,False,False,False,False,True,False,False,False,False,False,True,False,False,False,False,True,False,True,False,0,0.4,Medium Risk (Targeted Discount)
7,78.5,571.05,False,False,False,False,True,False,False,False,False,False,True,False,True,False,False,False,True,False,True,False,True,False,False,True,False,True,False,0,0.4,Medium Risk (Targeted Discount)
1,45.05,45.05,True,False,False,False,True,False,False,False,False,False,False,False,False,False,False,False,False,False,False,False,False,False,False,True,False,False,True,1,0.4,Medium Risk (Targeted Discount)
4,80.25,303.7,False,True,False,False,True,False,True,True,False,False,True,False,False,False,False,False,False,False,False,False,False,False,False,True,False,True,False,0,0.4,Medium Risk (Targeted Discount)
12,19.2,239.0,True,False,True,True,True,False,False,False,True,True,False,True,False,True,False,True,False,True,False,True,False,False,False,True,False,True,False,0,0.4,Medium Risk (Targeted Discount)
24,89.85,2165.05,True,False,False,False,True,False,True,True,False,False,False,False,False,False,True,False,False,False,True,False,False,False,False,True,False,False,True,1,0.4,Medium Risk (Targeted Discount)
2,20.0,32.7,True,False,False,False,True,False,False,False,True,True,False,True,False,True,False,True,False,True,False,True,False,False,False,False,False,False,True,0,0.4,Medium Risk (Targeted Discount)
14,66.6,979.5,True,False,True,False,True,False,True,False,False,False,False,False,False,False,False,False,True,False,True,False,False,False,False,True,True,False,False,0,0.4,Medium Risk (Targeted Discount)
